{"cameraMode":{"drawMode":0,"name":"Shaded","section":"Shading Mode"},"sceneLighting":false,"audioPlay":false,"sceneViewState":{"showFog":true,"showMaterialUpdate":false,"showSkybox":true,"showFlares":true,"showImageEffects":true,"showParticleSystems":true},"in2DMode":false,"pivot":{"x":-0.07862091064453125,"y":-0.01190185546875,"z":0.00225830078125},"rotation":{"x":-0.27710673213005068,"y":0.016450384631752969,"z":-0.004660381935536861,"w":-0.9607309699058533},"size":0.09374170750379563,"orthographic":true}