{"cameraMode":{"drawMode":0,"name":"Shaded","section":"Shading Mode"},"sceneLighting":false,"audioPlay":false,"sceneViewState":{"showFog":true,"showMaterialUpdate":false,"showSkybox":true,"showFlares":true,"showImageEffects":true,"showParticleSystems":true},"in2DMode":false,"pivot":{"x":-0.07862091064453125,"y":-0.01190185546875,"z":0.00225830078125},"rotation":{"x":-0.3731594979763031,"y":0.04231436923146248,"z":-0.016952360048890115,"w":-0.9266918301582336},"size":0.07676349580287934,"orthographic":true}